epoch,train_loss,eval_loss,eval_top1,eval_top5
0,6.908627019751285,6.919431518402099,0.128,0.576
1,6.651482597361174,6.667783443603516,0.698,2.946
2,6.358440094506756,6.07846024230957,3.692,11.738
